indicator,fixed_slope,se,p,between_cohort_slope_sd,singular
Frequency,3.355485713101888,0.5265726025632163,0.004207936521196648,0.9097961938808062,FALSE
Immediacy,3.6250344523303237,0.582520296385035,0.004345509456622588,1.070131391315862,FALSE
Diversity,3.6227706539209388,0.5342171878938352,0.0036665280286563794,0.9372344266457086,FALSE
IDF,3.787548144644502,0.5839878898480736,0.0038301655296954003,1.0766046203722421,FALSE
