cohort_id,mean_abs_cor,vif_freq,vif_imm,vif_div
STAT0002_2021,0.7988881753344124,3.48437882061685,3.1995712365636884,3.756749332244346
STAT0002_2223,0.831826368505117,4.152417003393753,3.814942507676377,4.400293264424812
STAT0004_2021,0.786629958824245,3.201994034062019,3.066591124854361,3.6264205904544617
STAT0004_2122,0.8103708828719232,3.792519200365107,3.6259146571902674,3.533321468411319
STAT0004_2223,0.7998267436069024,3.4968048722109444,3.688973643053432,3.2570178689426013
