cohort_id,pc1_var,r_pc1_grade
STAT0002_2021,0.86596,-0.28342705964755105
STAT0002_2223,0.8879,0.4140726229783943
STAT0004_2021,0.8578,0.29776409389399433
STAT0004_2122,0.87359,-0.2351589936108536
STAT0004_2223,0.86657,0.19568819042428587
