cohort_id,comp_A,comp_B,r_eng_A,r_eng_B,r_AB,n,steiger_z,steiger_p
STAT0002_2223,exam_grade,participation_grade,0.40428422257442603,0.31296962997236927,0.38488726627928693,267,1.4685348245083707,0.141959003937693
STAT0002_2223,exam_grade,peer_marking_grade,0.40428422257442603,0.19709318885974125,0.26465782944943045,267,2.981846459848901,0.002865156529248125
STAT0004_2223,quiz_grade,group_grade,0.24551472657586532,0.15407555084080762,0.21305132014587752,197,1.04554025847039,0.29577334409609213
