ng,BIC,converged
1,40243.01881316463,TRUE
2,37922.48532441327,TRUE
3,37313.61014280179,TRUE
